title,count
'--,1
 Dev - Data Correction,1
 Dev - Tasking Work,1
> Annual Leave / Vacation (Paid),1
> Lunch/Break time,1
> Meeting,1
> Not Working,1
> Project Badger,1
> Research,1
> Sick Leave,1
> Training,1
> Unpaid Leave,1
00_Office,1
01 - 1099's Forms,1
01_Homeoffice,1
0101 - Calls,1
0102 - Data Entry ,1
0103 - Emails,1
0104 - Mail Management,1
0105 - Meetings,1
0106 - Review,1
02 - Administrative Services,1
020 Planning,1
0201 - Calls,1
0202 - Data Entry,1
0203 - Emails,1
0204 - Mail Management,1
0205 - Meetings,1
0206 - Scan,1
0207 - Review,1
03 - Bookkeeping ,1
030 Strategy,1
0301 - Calls,1
0302 - Emails,1
0303 - Data Entry,1
0304 - Download Information,1
0305 - Meetings,1
0306 - Reports,1
0307 - Request Information,1
0308 - Scan,1
0309 - Review,1
04 - Business Income Taxes,1
040 Design,1
0401 - Calls,1
0402 - Data Entry,1
0403 - Download Information,1
0404 - Emails,1
0405 - Meetings,1
0406 - Request Information,1
0407 - Taxes,1
0408 - Scan,1
0409 - Mail Management,1
0410 - Letters,1
0411 - Extensions,1
0412 - Review ,1
05 - Company Creation,1
0501 - Calls,1
0502 - Data Entry,1
0503 - Emails,1
0504 - Download Information ,1
06 - Company Forms,1
0601 - Calls,1
0602 - Data Entry ,1
0603 - Emails ,1
0604 - Mail Management,1
07 - Consulting,1
0701 - Calls,1
0702 - Consulting,1
0703 - Emails,1
075 Art Direction,1
08 - Corporate Book,1
0801 - Calls,1
0802 - Data Entry ,1
0803 - Emails,1
0804 - Orders,1
085 Revisions,1
09 - Lunch,1
0901 - Lunch Time,1
0-General Client Management,1
0-General Client Parent,1
0-General Client Travel,1
0-Time Approval,1
1 - Proposal,1
"1. Sup. : Heure Normale ≤4h (x1,25) ou >4h (x1,50)",1
10 - Payroll Services,1
10 - Redesign - Peri Material Availability,1
100 Mechanicals,1
1001 - Calls,1
1002 - Emails,1
1003 - Meetings,1
1004 - Payroll Processing,1
1005 - Download Information ,1
1006 - Reports,1
1007 - Mail Management,1
1008 - Review,1
101 Project Management,1
102 PowerPoint,1
103 Project Management/Planning Support,1
104 Webpage,1
105 Email/Eblasts,1
106 Design Support,1
11 - Payroll Forms,1
11 - Redesign - Customer Decision,1
110 Print/Production Coordination,1
1101 - Calls,1
1102 - Data Entry,1
1103 - Emails,1
115 Media Coordination,1
12 - Personal Income Taxes,1
1201 - Calls,1
1202 - Data Entry,1
1203 - Download Information,1
1204 - Emails,1
1205 - Meetings,1
1206 - Request Information,1
1207 - Taxes,1
1208 - Scan,1
1209 - Mail Management,1
1210 - Letters,1
1211 - Extensions,1
1212 - Review ,1
13 - QB Setup,1
1301 - Calls,1
1302 - Data Entry,1
1303 - Emails ,1
1304 - Meetings,1
14 - QB Training,1
1401 - Calls,1
1402 - Data Entry,1
1403 - Emails,1
1404 - Meetings,1
15 -  Renewals ,1
1501 - Calls,1
1502 - Data Entry ,1
1503 - Emails,1
1504 - Meetings,1
1505 - Review,1
1506 - Mail Management,1
16 - Sales Tax,1
160 Photo Shoot,1
1601 - Calls,1
1602 - Emails,1
1603 - Data Entry,1
1604 - Download Information,1
1605 - Request Information,1
1606 - Review,1
165 Photo Processing/Retouching,1
17 - WXC Emails/Calls,1
170 Copywriting,1
1701 - Calls,1
1702 - Emails,1
175 Proofreading,1
18 - WXC Invoicing,1
180 Translation,1
1801 - Calls,1
1802 - Deposits,1
1803 - Emails,1
1804 - Invoicing,1
1805 - Receivables,1
1806 - Reports,1
19 - WXC Planning,1
190 Video Shoot,1
1901 - Calls,1
1902 - Data Entry ,1
1903 - Mail Management ,1
1904 - Meetings,1
1905 - Planning,1
1906 - A/R Meeting,1
1907 -  Emails,1
195 Video Editing,1
198 Client Training and Support,1
199 Travel Time,1
1-Account Parent,1
1-Account Production/Creative ,1
1-Account Research & Planning ,1
1-General Account Management ,1
1-Meetings with Client ,1
1st Line Support,1
2 - Order,1
"2. Sup. : Heure Nuit 21h à 6h (x1,5)",1
20 - WXC Support,1
200 Internal Training and Support,1
2001 - Calls,1
2002 - Data Entry,1
2003 - Mail Management,1
2004 - Meetings,1
2005 - Accelo,1
2006 - Reports,1
2007 - Scan,1
2008 - System Failure,1
2009 - Training,1
21 - IT Support,1
215 Jury Duty,1
22 - Software Training ,1
23 - Fire Alarm,1
2-Art Creative ,1
2-Art Meetings with Client ,1
2-Art Parent,1
2-Art Production & Mgt ,1
2-Art Research ,1
2nd Line Support,1
3 - Structural Analysis,1
3. Sup. : Dim./Fér. (x2),1
300 Marketing,1
310 Administration,1
311 Employee Wellness,1
320 Pro Bono,1
330 Tech Support,1
350 Sales,1
351 Sales - Research,1
352 Sales - Follow Up,1
353 Sales - Presentations,1
354 Sales - Estimates,1
375 Bereavement,1
380 Vacation,1
385 Military Leave,1
390 Sick/Personal Time,1
392 PTO - Bonus,1
395 Holiday,1
3-General Media Management ,1
3-Media Meetings w/Rep,1
3-Media Meetings with Client ,1
3-Media Parent,1
3-Media Reporting,1
4 - 3D design/Digital Services,1
"4. Sup. : Dim./Fér. 21h à 6h (x2,1)",1
400 Accounting,1
405 Leave Without Pay,1
410 HR Efforts,1
4-General PR Management ,1
4-PR Media Relations ,1
4-PR Meetings with Client ,1
4-PR parent,1
4-PR Writing ,1
5 - Checking,1
5-General Social Management ,1
5-Social Analytics & Optimization,1
5-Social Content Development ,1
5-Social Media parent,1
5-Social Meetings with Client ,1
6 - Site Visit (Client Requested),1
7 - Project Management,1
7-New Business Management ,1
7-New Business Meeting ,1
7-New Business parent,1
7-New Business Production ,1
7-New Business Research ,1
8 - Redesign - Caused by Peri Engineering,1
80 - Internal Training,1
81 - Admin,1
82 - Product Development,1
8-Agency Parent,1
8-Agenyc Error,1
8-Department Management ,1
8-Filing/Organizing,1
8-Finance Clerical ,1
8-Finance Management ,1
8-General Office ,1
8-Office Management ,1
8-Office Meeting ,1
8-Payroll ,1
8-Personnel Management ,1
8-Phones/Mail ,1
8-Training/ Education ,1
8-Travel ,1
9 - Redesign - Caused by Peri Sales,1
9-Agency Time Parent,1
9-Early Dismissal,1
9-Holiday,1
9-PTO,1
9-Vacation,1
A New Class,1
A23 Internal - Bookkeeping,1
A23 Internal - General Admin,1
A23 Internal - Training,1
Abcense,1
Absence,1
Account Management,8
Accounting,5
Accounting - AP Processing,1
Accounting - AR Processing,1
Accounting - Audit Readiness,1
Accounting - Audit Support,1
Accounting - Bank & CC Processing,1
Accounting - Client Training,1
Accounting - Compliance Filings,1
Accounting - Consolidations,1
Accounting - Financial & Filings Review,1
Accounting - Implementation,1
Accounting - Meetings & Correspondences,1
Accounting - Month End Close,1
Accounting - Other Billable Services & Support,1
Accounting - Prior Period Cleanup,1
Accounting - T&E Processing,1
Accounting - Transition-External,1
Accounting & Administration,1
Accounting & Corporate Returns,1
Accounting (internal),1
Accounting Processing,1
Accounting Review,1
"Accounting, Tax & Admin",1
Accounting/Billing ,1
Accounting/Finance,1
Accounts,3
Accounts Payable  Receivables,1
Accounts Payables,1
Accounts Receivables,1
Accounts/Billing,1
Acct - Ad Hoc Reporting,1
Acct - Audit Assitance,1
Acct - Budget Forecast,1
Acct - Closing Review,1
Acct - Data Input,1
Acct - Financial Statement Preparation,1
ACRP ,1
Activity,1
Ad Hoc,1
Additional Revisions,1
Adhoc Activities,1
Admin,14
Admin - Non-billable,1
Admin - Other,1
Admin - Socio Non-Billable,1
Admin II - Socio Non-Billable,1
"Admin, Legal & HR",1
Admin:Daily Time Sheet Review,1
Admininstration,1
Administration,7
Administrative,6
Administrative Overhead,1
Admissions,1
Advice,1
Adwords Work,1
AE Time (billable),1
After Action Review,1
After Hours,2
After Hours Support Call,1
After Hours Worked,1
Afterhours,1
Alabama,1
Alaska,1
Alert,1
All Departments,1
Amendments,1
Analysis of Accounts,1
Analytical: DSC Testing,1
Analytical: Thermal and Flex Testing,1
Annual Leave,5
Annual Report,1
API,1
App Maint,1
App Support,1
Apparel Order,1
Apprenticeships,1
Approved Chargeable Over-time only,1
Approved Internal Non-Chargeable Over-time only,1
Archiving,1
ARIS,1
ARIS LITE,1
Arizona,1
Arkansas,1
Art Time (billable),1
Artwork,1
Assurance - Financial Audit,1
Assurance - Financial Compilation,1
Assurance - Financial Review,1
Attendance,1
Audit,1
Auditing & Governance,1
Automated Notice,1
Automated Notificaftions,1
AVI Operations,1
Award Interpretation,1
AWDD - Automation Site Weekday Day,1
AWDE - Automation Site Weekday Evening,1
AWDN - Automation Site Weekday Night,1
AWED - Automation Site Weekend Day,1
AWEN - Automation Site Weekend Night,1
Back End,1
BAS,1
BAU Support,1
BD Lead,1
BD Lead Call,1
BD Lead Email,1
BD Lead Website,1
BD Networking & Meetings,1
BD Outbound,1
BD Sales Activity,1
Benefits Administration,1
Benjamin's Desk,1
Bereavement,2
Bids & Ops,1
Billable,3
Billable - Out of Scope,1
Billable - Project Management,1
Billable - Project Work,1
Billable (Onsite),1
Billable (Remote),1
Billable Internal Work,1
Billable Support,1
Billable Time,1
Billing,4
Billing Compaints,1
Billing Review,1
Blogging/Marketing,1
Board work,1
Bookkeeping,1
Box Push,1
BPM,1
Branch Registration,1
Branding & Graphics,1
Bug Workaround,1
Bug/Troubleshooting,1
Business Admiinistration,1
Business Administration,3
Business Bionics,1
Business Compliance,1
Business Consulting,1
Business Development,19
Business Development - Time spent on trying to 'win' business,1
Business Development: Marketing Support,1
Business Development: Tradeshow/Conference,1
Business Entity Change of Details,1
Business Entity Winding-up,1
Business Improvement,1
Business Registration,1
Business Review,1
Business Unit Leader time,1
Cabling,1
California,1
Call Log,1
Call Out 2,1
Call to IRS and other Public Offices,1
Canada,1
Capacity Building,1
CareAware Delivery,1
CareGap Debug,1
CareGap Delivery ,1
CareGap Development,1
CareGap LDCT,1
CB - Audit Delivery,1
CB - Industrial Ergonomics Delivery,1
CB - Mental Health and Wellbeing Delivery,1
CB - Office Ergonomics Delivery,1
CB - Project Management/Invoicing,1
CB - Project Meetings/Communication,1
CB - WHS Consulting Delivery,1
CDF,1
Certified Translation,1
CFO time,1
Change & Request,1
Changes,1
Chargeable,1
Charged in Materials,1
Check & Report,1
CIO Admin,1
Citizenship,1
Citizenship by Marriage,1
Citizenship by Residence,1
CLE,1
Client - Travel,1
Client (Billable),1
Client Account Management,1
Client Acquisition,1
Client Admin Work,1
Client Admin/Accounts,1
Client Care,1
Client Communication ,2
Client contact via Social Media,1
Client contact via text,1
Client Feedback,1
Client Managament,1
Client Management,2
Client Management (General),1
Client Meeting,1
Client Non Billable,1
Client Nonbillabl+e,1
Client -Off Site,1
Client On-prem Support,1
Client -ONSITE,1
Client Onsite Work,1
Client Pre-Sales,1
Client Remote Support,1
Client Research,1
Client Specific,1
Client Success,1
Client support and admin,1
Client Support Tickets,1
Client Training,2
Client User Setup,1
Client Visit,1
Client Work,10
Client Work - Account Management,1
Client Work - Consulting,1
Client Work - NB,1
Client Work - Not Billable,1
Client Work - Overtime-After Hours,1
Client Work (NC),1
Client Work (Urgent Rate),1
Client Work Outsourced,1
Client Work Remote,1
Client/Status,1
Client: Auditing,1
Client: Consultancy,1
Client: Content Creation,1
Client: Recommendations,1
Client: Research,1
Client: Updates,1
Closing,1
CLUBS LSV,1
CLUBS SLSQ,1
CM: Comms,1
CM: Mgmt & Planning,1
CN - Lead Proposal,1
CN - Lead Research,1
CN - Research,1
Coaching,2
Coffee and Capital,1
Cold Call,1
Cold call/Contact,1
Collaborator,1
Collect Blood Delivery,1
Collection,1
Collection from Office,1
Collections,1
Colorado,1
Comment,1
Committee work,1
Communicating,1
Communication,2
Community service (pro-bono),1
Community/Learning,1
Commute,1
Comp Day,1
COMP TIME,1
Comp. Time Off,1
Company Setup,1
Company/Project Reports,1
Compensation,1
Competencies,1
Compile Financial Statements,1
Complaints,1
Complete an Amendment,1
Complete BASIX Alts & Adds Assessment,1
"Complete BASIX, with NatHERS",1
Complete DIY BASIX Assessment,1
Compliance,1
Conference ,1
Conference (Professional Industry),1
Conference Call,1
Connect Call,1
Connecticut,1
Consult,1
Consultation + Client Review,1
Consulting,6
Consulting - ERC,1
Consulting - Forecasting,1
Consulting - Internal Controls,1
Consulting - Special Reports,1
Consulting - Strategy and Research,1
Consulting Services,1
Contacts,1
Content,3
Content Management,1
Content Upload,1
Content Work,1
Continuing Education and Training,1
Continuous Improvement,1
Contract Minimum,1
Contracts,2
Conversion,1
Conversion - Autotask History,1
Converting a new Job Request,1
Converting a Quote Acceptance to Project,1
Conveyancing,1
Copify,1
Copywriting,1
Corporate,1
Corporate Compliance (company / trust setup / advice),1
Corporate Documents,1
Corporate Improvement Projects,1
Corporate Legal,1
Corporate Legal Advice,1
Corporate Tax Return,1
Correspondence,2
Counted Visit,1
Course Conduct,1
Course Preparations,1
Courtesy Calls,1
CPD,1
CPE and Education,1
Creation,1
Creative,1
Critical Incidents,1
Critical Notes,1
CRM,1
CRM Work,1
CS Mgmt,1
CTO,1
CuliNex Marketing,1
Customer Care,2
Customer Caused,1
Customer Meeting,1
Customer Service ,2
Customer Service Complaints,1
Customer Services,1
Customer Services - Billing,1
Customer Services - Customer Success,1
Customer Support,1
CW - Admin,1
CW - Onsite,1
CW - Sourcing + Design,1
CW - White Glove,1
D&D,1
Daily Check Reports,1
Data analysis,1
Data collection,1
Data Collection and Research,1
DEI,1
Delaware,1
Delivery and Feedback,1
Demo Notes,1
Department Management,1
Department: Service Delivery,1
Design,6
Design (Architecture),1
Design Studio,1
Desktop Support,1
Dev - Bug Fixes,1
Dev - General Admin,1
Dev - Meetings,1
Development,9
Development Services,1
Development/Testing,1
Diagnostic Report,1
DIGIPLEDGE,1
Digital Guppy API Ref #,1
Digital Marketing,1
Digital Media Time (billable),1
Direction,1
Disbursement,1
Discovery and Research,1
Discovery Notes,1
Discretionary Hours,1
DL PLUS,1
DM Functional Support,1
DM Technical Support,1
DO NOT USE,1
Documentation,6
Domain & Hosting,1
DS - AN,1
DS - ANN,1
DS - DA - General,1
DS - DA - Image Labelling,1
DS - DA - Object Detection,1
DS - DA - Text Detection - General,1
DS - DA - Text Detection - P&IDs,1
DS - DC - Data Warehouse,1
DS - DV,1
DS - Internal Meeting,1
DS - TRAINING,1
E-Administrative-ST,1
E-Branding-ST,1
E-Consulting-ST,1
E-Copy Writing-ST,1
Education,1
Education & Training,1
E-Educational-ST,1
EFGP,1
E-Holiday,1
Eksternt,1
ELDE - Electrical Design,1
Email,2
Email Support,1
Emails,1
E-Marketing-ST,1
Emergency Management,1
Emergency Services,1
Employee Relations,1
Employee Visa,1
ENDE - Engineering Development,1
Engagement ,1
Engineering Development,1
Engineering Integration & Configuration,1
ENTRIES,1
E-Online Marketing-ST,1
E-Photography-ST,1
E-Print Design-ST,1
E-Printing-ST,1
Eruptr Cross Training,1
Eruptr Software Technology ,1
E-Sales-ST,1
Estate Tax and Trust,1
Estimating,1
E-Training-ST,1
EU (non-UK) Citizen Residence ,1
EU Blue Card,1
E-Unpaid Time Off,1
E-Vacation,1
EWDD - Electrical Weekday Day,1
EWDE - Electrical Weekday Evening,1
EWDN - Electrical Weekday Night,1
E-Web Coding-ST,1
E-Web Design-ST,1
E-Web Hosting-ST,1
EWED - Electrical Weekend Day,1
EWEN - Electrical Weekend Night,1
EWSH - Electrical Workshop,1
Execution - Design-Build,1
Executive Team,1
Express / Short notice,1
Extensions,1
External,2
External - On-Site Support,1
External - R&D EAD (New),1
External - R&D LGS (New),1
External - Travel Time ,1
External - Waiting Time,1
Fabrication Work,1
Fabrication: Ink,1
Fabrication: Plating,1
Facilities Management,1
Fatca Reporting,1
FBAR Reporting,1
FBT / TPAR ,1
Fees,1
FFA Reporting,1
Finance,5
Finance & admin,1
Financial Statements,1
Financials and Accounting,1
Five,1
Florida,1
Follow Up,2
Follow Up Request For Purchase Order,1
Follow-up call,1
Follow-up email,1
Follow-up LinkedIn,1
Follow-up Meeting,1
Follow-up Presentation,1
For a Ticket,1
For Review,1
Founders Club,1
Four,1
Free information,1
Freelancer/Entrepreneur Visa,1
Front End,1
Functional Consulting,1
Functional Requirements,1
Functional Support,1
G&A (Internal) - Admin,1
G&A (Internal) - Business Development,1
G&A (Internal) - Demo,1
G&A (Internal) - Holiday / Other Paid,1
G&A (Internal) - IT & Support,1
G&A (Internal) - Meetings & Correspondences,1
G&A (Internal) - Offboarding Clients,1
G&A (Internal) - Offboarding Employees,1
G&A (Internal) - Onboarding Clients,1
G&A (Internal) - Onboarding Employees,2
G&A (Internal) - PTO,1
G&A (Internal) - Recruiting,1
"G&A (Internal) - Response to tasks, emails, etc.",1
G&A (Internal) - Software Evaluation,1
G&A (Internal) - Training,1
G&A (Internal) - Unpaid Time Off,1
GAS Call,1
General,3
General Admin,2
General Consulting,1
General Internal E Mail,1
General Non Billable,1
General non matter related,1
General Support,1
General Support/Maintenance,1
General-Admin,1
Georgia,1
Gift Register,1
Golden Visa,1
Good Standing Request,1
GoToConnect,1
Grants,1
Graphics Work,1
Growth,1
H&S Documents,1
HA Application Maintenance,1
HA Business Development,1
HA Contract Creation / Review,1
HA Employee Events,1
HA Employee Training,1
HA Finance,1
HA Finance Meetings,1
HA General & Admin,1
HA Internal Meeting,1
HA Platform Fire Drill,1
HA Platform Migration & Testing,1
HA Project Management,1
HA Roadmap & Planning,1
Handover,1
Handover Notes,1
Hawaii,1
Health & Safety,1
HealthAware Infrastructure,1
Helpdesk,1
Holiday,9
Hosting & Streaming,1
Hourly / Consulting,1
HR,3
HR - Benefits Administration,1
HR - Client Training,1
HR - Compliance,1
HR - Employee Management,1
HR - Implementation,1
HR - Meetings,1
HR - Payroll Administration,1
HR - Payroll/Benefit Audit,1
HR - Research,1
HR - Tax & Reporting,1
HR - Transition-External,1
HR Compliance & Documentation,1
HR Packages,1
HR Review & Report,1
HR Software Solutions,1
HR Training,1
HRA Analytics Development,1
HRA COVID Maintenance,1
HRA Debug,1
HRA Delivery,1
HRA Development,1
HRA Initial Implementation,1
HRA Scheduling,1
Human Resources,6
I - Internal Comms,1
I - Marketing,1
I - Onboarding,1
I - Research,1
I - Strategy/Systems/Process,1
I - Training,1
ICHP Team Meetings,1
Idaho,1
ieMentor Getting Trained,1
ieMentor Management Activities,1
ieMentor Meeting,1
ieMentor Office Work,1
ieMentor Research,1
ieMentor Training Someone,1
Illinois,1
Immigration & Citizenship Advice,1
Implementation,2
In Contact,1
In Office,1
Inbound,1
Inbound Post,1
Incident Mgmt,1
Incident Response,1
Income Tax Return,1
Incorrect Jolera Escalation,1
Indiana,1
Individual Tax Return,1
Individual Tax Returns,1
Industrial Relations (IR),1
Info,1
Infrastructure,1
Initial Contact,1
Initial Setup,1
Initial Support,1
Inspections,1
Instrument development,1
Int - Admin,1
Int - Management,1
Int - Marketing,1
Int - Strategic,1
Int - Training & Development,1
Interactive Time (billable),1
Internal,3
Internal -  Annual Leave,1
Internal -  Brand Marketing & Staff Experience,1
Internal - Admin,1
Internal - Admin & Organisation,1
Internal - Business Development,1
Internal - Coaching & Mentoring,1
Internal - Daily Team Calls (New),1
Internal - Down Time,1
Internal - Finances,1
Internal - Gen Admin,1
Internal - HR & Admin ,1
Internal - Human Resources,1
Internal - Legal,1
Internal - Management,2
Internal - Operations & Processes,1
Internal - Personal Development & Training,1
Internal - Public Holiday (Leave),1
Internal - Public Holidays,1
Internal - R&D EAD (New),1
Internal - R&D LGS (New),1
Internal - Research/ProActive/Courses,1
Internal - Sales Support EAD (New),1
Internal - Sales Support LGS (New),1
Internal - Sick Leave,2
Internal - Systems,1
Internal - Training EAD (New),1
Internal - Training LGS (New),1
Internal - Travel,1
Internal - Unbillable,1
Internal - Vacation,1
Internal - Work,1
Internal Admin,1
Internal Administration,2
Internal Education,1
Internal IT,1
Internal IT Works - General Admin,1
Internal IT Works - Meeting,1
Internal IT Works - Security Improvements,1
Internal LAN,1
Internal Marketing,2
Internal Meeting,3
Internal Meeting. - Non Billable,1
Internal Meetings,1
"Internal Meetings;  huddles, team meetings, coaching ect. ",1
Internal Research / Training,1
Internal Sales,1
Internal Staff Meetings,1
Internal Systems,1
INTERNAL TASK NOTE,1
Internal team meetings,1
Internal User Support,1
Internal work,1
Internal Work (Audit Express),1
Internal: Admin,1
Internal: Client Management,1
Internal: Engagement Quality,1
Internal: Financial,1
Internal: General Admin,1
Internal: Professional Development,1
Internal: Training & Dev,1
Internt,1
Introduction,1
Inventory Management,1
Investigation,2
Invoice,1
Invoicing,2
Iowa,1
Issue a Fee Proposal,1
Issue Resolution,1
IT,2
IT  Hosting Support,1
IT Internal Works,1
IT Project,1
IT Project - General Admin,1
IT Project - Meeting and Planing,1
IT Projects - Tasking work,1
IT Support,3
IT Support - DSE Assessments,1
IT Support - Preventive,1
IT Support - Reactive,1
IT Support - Requests,1
IT Support - Security Issue,1
Job admin,1
Job Peer review,1
Job Resolutions,1
Jury Duty,1
Kansas,1
Kare-N Analytics Development,1
KareN Debug,1
KareN Development,1
KareN Healthy Habits,1
Keiretsu Forum,1
Kentucky,1
Knowledge Development,1
Kompetanseheving,1
Kørsel,1
Lab,1
Labour Law,1
Launch,1
Lda Formation,1
Lead,2
Lead Evaluation,1
Lead Generation,1
Learning/Research,1
Leave,4
Leave Without Pay,1
Legal,2
Legal Advice,1
Legalisation of Foreign Document,1
Legalisation of PT Document,1
LIMSOC LSV,1
LIMSOC SLSQ,1
Line Management,1
Log,1
Long Service Leave Taken,1
Long-Lettings Management,1
Louisiana,1
Lunch,1
Maine,1
Maintenance,5
Managed Services,1
Management,2
Management Task,1
Manufacturing,1
Marketing,21
Marketing - BNI & Other,1
Marketing - New/Prospective Client,1
Marketing Consulting & Project Management,1
Marketing Strategy,1
Marketing Work,1
Marketing/Business Development,1
Marketing: Travel,1
Marketing: Website Development,1
MARSHALLING,1
Maryland,1
Maskinlæring,1
Massachusetts,1
Media Time (billable),1
Medical,1
Meeting,8
Meeting - Customer,1
Meeting - FastTrack,1
Meeting - Internal,1
Meeting - Supplier,1
Meeting (client),1
Meeting (project),1
Meeting Arranged,1
Meeting Client Relationship Building,1
Meeting Prep,1
Meeting Request,1
Meeting Sales,1
Meetings,5
Meetings - Customer,1
Meetings - Internal,1
Meetings and Ad-hoc Activities,1
Mental Health First Aid,1
Mentoring,1
Mentoring & Leadership,1
MetaSpark,1
MetaSpark After Hours Work,1
MetaSpark During Work,1
Mexico,1
Michigan,1
Minimum time worked,1
Minor Projects,1
Misc.,1
Miscellaneous,1
Missed Call,1
Mississippi,1
Missouri,1
Montana,1
MT,1
My Accountancy HQ,1
BLAH,1
BLAH,1
NB - Approved Training or Pro Development,1
NB - Bench Time,1
NB - Holiday,1
NB - Project Lead,1
NB - PTO,1
NCQA,1
Nebraska,1
Networking,2
Networking Event,1
Nevada,1
New Class,1
New Clients & Company/Trust Establishment,1
New Hampshire,1
New Jersey,1
New Membership,1
New Mexico,1
New Supplier/ Taskforce Meeting,1
New Task,1
New York,1
Newsletter,1
NHR Status Acquisition,1
NIPPERS,1
NOC,1
Non - PTO,1
Non Billable,2
Non Chargeable,1
Non Work Related,1
Non-billable,4
Nonbillable - Research,1
Nonbillable - Tech Support,1
Nonbillable - Transition-Internal,1
Nonbillable - Travel,1
Non-Billable Client Work,1
Non-Billable Customer Meeting,1
Non-Billable Scoping / Sales,1
Non-Billable Support,1
Non-Billed,1
Non-EU Relative of Non-PT EU Citizen,1
Non-EU Relative of PT Citizen,1
NON-PROJECT HOURS,1
Non-stream,1
NonUtilized,1
Normal,1
North Carolina,1
North Dakota,1
Not a Counted Visit,1
Not Applicable,1
Not Invoice,1
Notarial,1
Notices,1
Notifications,1
NPS Request,1
Nurturing Campaign,1
NWA business,1
O/T,1
O/T2,1
Occupational Liscenses,1
Offboarding,1
Office Management,2
Off-Site,1
Offsite / Remote,1
Off-site Client Work,1
Offsite Work,1
Ohio,1
Oklahoma,1
Økonomi,1
On Site,1
On Site @ Client,1
Onboarding,3
Onboarding Task,1
Onboarding/Offboarding,1
Onsite,9
On-Site,4
Onsite (After Hours),1
Onsite (Standard),1
On-Site Meeting,1
Onsite Support,1
On-Site Support,1
Onsite Work,1
Operations,7
Optimise Project for Compliance - Stage  1,1
Optimise Project for Compliance - Stage 2,1
Oregon,1
Other,2
"Other Accounting, Tax & Admin Services",1
Other Citizenship Applications,1
Other Complaints,1
Other Legal Services,1
Other Notarial Services,1
Other Property Management Services,1
Other Temporary Residence Permits,1
Out of Hours Work,1
Out of Office | MISC,1
Out Of Office | PTO,1
Out Of Office | Sick,1
Outbound post,1
Outreach & PR,1
Overhead,1
Overtime,6
Overtime 1.5x,1
Overtime 2.0x,1
Overtime Work,1
Owner-Used Property Management,1
PACT,1
Paid Leave,1
Paid Time Off (PTO),2
Paperwork Received,1
Partner,1
Partner Account Management,1
Partnerships,1
Passive Income Visa,1
Patching & Upgrade,1
Payments,1
Payroll,2
Payroll Processing,1
Payroll Report,1
Payroll Tax Forms,1
PD Session ,1
Pennsylvania,1
Performance Management,1
Periodical Reports,1
Permanent Residency,1
Personal,4
Personal Apt.,1
Personal Learning & Development,1
Personal Leave / Sick Leave,1
Personal Time,1
Personal/Carer's Leave,1
Philanthropic,1
Philly Startup Leaders,1
Philly Tech Meetup,1
Phone Attendance,1
Phone Call,2
Phone Call Support,1
Phone Support,1
Photography & Video,1
Planning,4
Planning - Requirements,1
Planning/Sales ,1
PM & Admin,1
Potential Client Activity,1
PPC,1
Prepare and Issue a Fee Proposal,1
Prepare Monthly Financial Statements,1
Pre-Sales,3
Pre-Sales Work,1
Present workshops & training,1
Presentation/Submission,1
Print Lab Work,1
Print Projects,1
Private,1
Pro Bono,1
Proactive Maintenance,1
Probono,1
Process,1
Process & System Improvement,1
Process development,1
Process Improvement,1
Procurement,2
Product Development,1
Product Support,1
Production Time (billable),1
Professional development,5
Professional Services,1
Professional Services - Branding & Design Services,1
Professional Services - IT Services,1
Professional Services - Social Media Services,1
Professional Services - Web Services,1
Profit First,1
Program Support,1
PROJ - Project Co-ordination ,1
Project,1
Project Administration,1
Project Complete,1
Project Coordination,1
Project Deliverables,1
PROJECT HOURS,1
Project Management,14
Project Management + Meetings,1
Project Managment,1
Project Meeting,1
Project Milestone,1
Project Services,1
Project Support,1
Project work,1
Projects,4
Projet Peupliers Winbiz,1
Promo Time (billable),1
Promotion,1
Proofreading & QC,1
Property Lettings,1
Property Purchase - No Rehab,1
Property Sale,1
Property Sales,1
Property Search & Buy,1
Property Search & Rent,1
Proposal,3
Prospecting,3
Prospective team member meeting,1
PS Delivery,1
PTO,7
PTO-Holiday,1
Public Holiday,5
Publication,1
Purchase for Rehabilitation ,1
Python (egenopplæring),1
QA,1
Quality Assurance,1
Quality Management,1
Quickbooks Training,1
Quotations,1
Quotations and Proposals (can be allocated to a client),1
Quote,1
Quoting,2
R&D,4
R&D - AimHi,1
R&D - Asset C,1
R&D - Asset Voice,1
R&D - eAudit,1
R&D - effio,1
R&D - Energy Transition: Solar Power,1
R&D - ePav,1
R&D - General ,1
R&D - ICase: Detecting Asset Degradation ,1
R&D - M100,1
R&D - OCR,1
R&D - OptiBoM,1
R&D - Resource Levelling,1
R&D - Shutdown Tracker,1
R&D - Training,1
Raw Time,1
RDO,1
Reach Digital,1
Real Estate Legal Advice,1
Real Estate Services,1
Reclassified,1
Records Management,1
Recruiting & hiring,1
Recruitment,3
Redundancies,1
Reference Letter,1
Referral,1
Registration Support,1
Rekruttering,1
Relationship Management,1
Relocation Assistance,1
Remote,5
Remote (After Hours),1
Remote (Standard),1
Remote Support,2
Remote Work,3
Report,1
Reporting,7
Reports,1
Request Purchase Order,1
Request References,1
Research,5
Research & Development,1
Research + Proposal,1
Research and Analysis,1
Research and Development,2
Researching,1
Resource Planning,1
Respond to Email,1
Retainer,2
Retainer reporting,1
Retention ,1
Returned,1
Review,2
Review of Tax Obligations,1
Review work,1
Reviewing,2
Reviewing Emails,1
Rework,2
Re-Work,1
Rhode Island,1
Risk Management,1
RISKAPP,1
Risks,1
RM BAU,1
RM Consulting,1
RM Planned Tasks,1
RMR LSV,1
RMR SLSQ,1
RWDD - Automation Remote Weekday Day,1
RWDE - Automation Remote Weekday Evening,1
RWDN - Automation Remote Weekday Night,1
RWED - Automation Remote Weekend Day,1
RWEN - Automation Remote Weekend Night,1
SA Formation,1
Sale,1
Sale Pursuit & Development,1
Sales,6
Sales - Follow Up,1
Sales Activity,1
Sales Conversion,1
Sales Engineering,1
Sales Ops,1
Sales Presentation,1
Sales Tax Preparation,1
Sales Tax Returns,1
Sales Technical Support for SOW,1
Sales Work,2
Saunders Internal,1
Scheduling,1
Scoping & Reviewing,1
Scripting Amends,1
Search Marketing,1
SecOps,1
Security,1
Seed Philly,1
Select,1
Select ....,1
Select A Class,1
Select Class,1
Self-Employed Compliance,1
Self-Managed Superannuation Funds,1
Send Proposal,1
Senior Consulting,1
SEO,1
SEO Work,1
Service Delivery,1
Service Delivery Management,1
Service Tickets,1
Service Work,1
Short-Lettings Management,1
Sick,1
Sick Leave,3
Sick Leave Workers Compensation ,1
Sick Time,2
Sick/Personal Leave,1
SID Design report,1
SID Procedure develop,1
Site Description ,1
Site Visit,1
Six,1
SMP - Executive,1
SMP - General Admin,1
SMP - Marketing + Business Development,1
SMP - Recruiting + Hiring,1
SMP - Research + Design,1
SMP - Training + Continuing Ed,1
SMS,1
Social,1
Social Event,1
Social Media,1
Social Media Work,1
Social Network,1
SOP/Internal,1
South Carolina,1
South Dakota,1
Spørsmål,1
Spotfire (egenopplæring),1
Sr. AMing,1
SSD,1
Staff Disciplinary Actions,1
Staff Event,1
Staff Leave,1
Staff Meetings,3
Staff Performance Reviews,1
Staff training,1
Staff/Workplace Policy Induction,1
Staffing,1
Start-Up Visa,1
Status Update,2
Statutory/Compliance,1
Strategic Planning,1
Strategy,1
Streaming,1
Streamline / OVDP,1
Struber Hours,1
Studio Management,1
Study Leave,1
Supplier Work,1
Support,13
Support Calls,1
Support inc' Toolbox Time,1
Support Services,1
Survey,1
Sygdom,1
Sync Error,1
Syncd to Enertia,1
System Configuration,1
System Maintenance,2
Systems & QA,1
Systems Admin,1
Systems Administration,1
Takeoff,1
Talent,1
TAX,1
Tax - Amendments,1
Tax - Client Training,1
Tax - Federal Return Preparation,1
Tax - Form Preparation,1
Tax - Implementation,2
Tax - Meetings,1
Tax - State Return Preparation,1
Tax - Tax & Legal Consultation,1
Tax - Tax Audit,1
Tax - Tax Write Ups,1
Tax - Transition-External,1
Tax Advice,1
Tax Id & Representation,1
Tax ID Number Request,1
Tax Litigation,1
Tax planning,1
Tax Preparation,1
Tax returns,1
TEAM - Data Conversion & Testing Stage,1
TEAM - Development Stage,1
TEAM - Integration Stage,1
TEAM - Preliminary Stage,1
Team and Team Prospect Related,1
Team Ops,1
Tech Support,1
Tech Support (billable),1
Tech Support (internal),1
Technical Consulting,1
Technical Support,2
Technical/IT,1
Technology ,1
teest q,1
Telephone Call - Advisory No Subscription,1
Telephone Call - Advisory Subscription,1
Telephone Call - Client Relationship Building,1
Telephone Call - Non Advisory,1
Télétravail,1
Tender,1
Tennessee,1
Terminations,1
Test,1
Test - Duplicate hours,1
test a,1
test b,1
Test Class,1
test currency,1
test division,1
test email address,1
test f,2
test g,1
test hyperlink profile field,1
test integer,1
test io,1
test j,1
test jk,1
test lookup,1
test multiselect,1
test n,1
test o,1
test p,1
test q,2
test r,2
test select,1
test select 1,1
test w,1
test x,1
test y,1
Testimonials,1
Testing,1
Testing and Go Live,1
teszt z,1
Texas,1
The Board,1
Thought leadership,1
Threat Hunting,1
Threat Investigation,1
Three,1
Ticket Management,1
Tidying and archiving,1
Tier 1 Technical Support,1
Time Entry,1
Time management and prioritization,1
Time off in Lieu,1
Time Tracking,1
To-Do,1
TOIL,1
Training,31
Training - Internal IT Team,1
Training - Internal Security (IT Team),1
Training - People (End Users),1
Training & Development,1
Training (inc. Prep),1
Training (internal),1
Training on Accelo,1
Training/Education,1
Training: Knowledge Transfer,1
Translation & Certification Services,1
Translation of Accounting Statements,1
Transmittal - Class/Flag,1
Transmittal - Client,1
Travel,19
Travel - Billable,1
Travel (Company),1
Travel Hours,1
Travel onsite,1
Travel Time,2
Tribunal,1
Troubleshooting,1
UK Citizen Residence,1
Unbillable - Client ProActive,1
Unbillable - Fixes & Errors,1
Unbillable - Project Planning & Recons,1
"Unbillable - Sales, Scoping, Proposals & Demos",1
Unbillable - Travel ,1
Unbilllable -Internal - Meetings,1
Union League Event,1
Unlimited Subscription,1
Unplanned,1
Unsure,1
Updates,1
Upskilling,2
US States,1
User Experience / Interface Design,1
User Support,1
Utah,1
Utilized,1
Vacation,6
VACSTATUS LSV,1
VACSTATUS SLSQ,1
Valuation Analysis and Modeling,1
Vendor Management,1
Vendor Work,1
Vendor/Partner,1
Venture Tech,1
Vermont,1
Virginia,1
Virtual,1
Virtual Address & Domiciliation,1
Virtual Guard Post Reports,1
Vividus Internal,1
Warranty/Repair,1
Washington,1
Web Design & Dev,1
Web Design Projects,1
Web Maintence,1
Website Design/Development,1
Website Maintenance,1
Website Updates,1
Website Work,1
Wellness Delivery,1
West Virginia,1
WG Marketing,1
Wharton Club,1
WhatArmy,1
WHS Compliance & Documentation,1
WHS Review & Report,1
WHS Training,1
Wisconsin,1
Withholding Tax Forms,1
Work & Meetings,2
Work Order,1
Workers Compensation Claim Management,1
Workflow,1
Workforce Planning,1
Work-Nobill,1
Workplace Health & Safety (WHS),1
Workplace Policies,1
Workshop,4
Workshop (Standard),1
Workspace Ops,1
Write-Off,1
Writing,1
Wyoming,1
YourAdministrator,1
ZZConnect COVID Development,1
ZZContract - Tech Assessment - Customer,1
ZZHA Internal Meetings - Platf..,1
,2
